{   
    "name": "SWADE",   
    "title": "SWADE - COISAS",   
    "description": "SWADE - COISAS",   
    "author": "Ricardo",
    "version": "1.0.0",
    "minimumCoreVersion": "0.7.9",
    "compatibleCoreVersion":"0.7.9",
    "url":"",
    "manifest":"https://github.com/ricardoporfirio/SWADE/blob/main/packs.zip",
    "download":"",
    "packs": [
        {
          "name": "itens",
          "label": "Magias",
          "path": "packs/magias.db",
          "entity": "Item",
          "module": "SWADE"
        }]
  }